Models Count,seconds(serverless),attoseconds(serverless)
Models Count,seconds(serverless),attoseconds(serverless)
Models Count,seconds(serverless),attoseconds(serverless)
Models Count,seconds(serverless),attoseconds(serverless)
Models Count,seconds(serverless),attoseconds(serverless)
Models Count,seconds(serverless),attoseconds(serverless)
1000,91,145542333000000000
1500,190,117414291000000000
2000,394,402578042000000000
Models Count,seconds(serverless),attoseconds(serverless),successes(serverless),fails(serverless)
